id,ability1_id,ability2_id,ability_hidden_id,hp,attack,defence,sp_attack,sp_defence,speed,total
1,1,,26,45,49,49,65,65,45,318
2,1,,26,60,62,63,80,80,60,405
3,1,,26,80,82,83,100,100,80,525
4,2,,,80,100,123,122,120,80,625
5,3,,80,39,52,43,60,50,65,309
6,3,,80,58,64,58,80,65,80,405
7,3,,80,78,84,78,109,85,100,534
8,5,,,78,130,111,130,85,100,634
9,4,,,78,104,78,159,115,100,634
10,6,,242,44,48,65,50,64,43,314
11,6,,242,59,63,80,65,80,58,405
12,6,,242,79,83,100,85,105,78,530
13,7,,,79,103,120,135,115,78,630
14,8,,15,45,30,35,20,20,45,195
15,9,,,50,20,55,25,25,30,205
16,10,,243,60,45,50,90,80,70,395
17,8,,15,40,35,30,20,20,50,195
18,9,,,45,25,50,25,25,35,205
19,11,,244,65,90,40,45,80,75,395
20,12,,,65,150,40,15,80,145,495
21,13,199,125,40,45,40,35,35,56,251
22,13,199,125,63,60,55,50,50,71,349
23,13,199,125,83,80,75,70,70,101,479
24,14,,,83,80,80,135,80,121,579
25,15,36,69,30,56,35,25,35,72,253
26,16,69,2,30,56,35,25,35,72,253
27,15,36,69,55,81,60,50,70,97,413
28,16,69,2,75,71,70,40,80,77,413
29,13,,244,40,60,30,31,31,70,262
30,13,,244,65,90,65,61,61,100,442
31,17,9,211,35,60,44,40,54,55,288
32,17,9,211,60,95,69,65,79,80,448
33,18,,54,35,55,40,50,50,90,320
34,18,,54,60,90,55,90,80,110,485
35,19,,,60,85,50,95,85,110,485
36,20,,127,50,75,85,20,30,40,300
37,21,,245,50,75,90,10,35,40,300
38,20,,127,75,100,110,45,55,65,450
39,21,,245,75,100,120,25,65,65,450
40,22,109,69,55,47,52,40,40,41,275
41,22,109,69,70,62,67,55,55,56,365
42,22,109,95,90,92,87,75,85,76,505
43,22,109,69,46,57,40,40,40,50,273
44,22,109,69,61,72,57,55,55,65,365
45,22,109,95,81,102,77,85,75,85,505
46,23,247,215,70,45,48,60,65,35,323
47,23,247,126,95,70,73,95,90,60,483
48,24,,5,38,41,40,50,65,65,299
49,21,,116,38,41,40,50,65,65,299
50,24,,5,73,76,75,81,100,100,505
51,21,,116,73,67,75,81,100,109,505
52,23,66,215,115,45,20,45,25,20,270
53,23,66,52,140,70,45,85,50,45,435
54,25,,246,40,45,35,30,40,55,245
55,25,,246,75,80,70,65,75,90,455
56,26,,15,45,50,55,75,65,30,320
57,26,,44,60,65,70,85,75,40,395
58,26,,27,75,80,85,110,90,50,490
59,27,155,31,35,70,55,45,55,25,285
60,27,155,31,60,95,80,60,80,30,405
61,10,243,15,60,55,50,40,55,45,305
62,8,243,132,70,65,60,90,75,90,450
63,20,110,74,10,55,25,35,45,95,265
64,20,199,74,10,55,30,35,45,90,265
65,20,110,74,35,100,50,50,70,120,425
66,20,199,74,35,100,60,50,70,110,425
67,28,75,130,40,45,35,40,40,90,290
68,28,75,211,40,35,35,50,40,90,290
69,28,4,211,50,65,55,40,40,40,290
70,30,75,130,65,70,60,65,65,115,440
71,29,75,211,65,60,60,75,65,115,440
72,31,252,58,50,52,48,65,50,55,320
73,31,252,58,80,82,78,95,80,85,500
74,32,261,67,40,80,35,35,45,70,305
75,32,261,67,65,105,60,60,70,95,455
76,17,24,144,55,70,45,70,50,60,350
77,17,24,38,60,75,45,65,50,55,350
78,17,24,144,90,110,80,100,80,95,555
79,17,24,38,95,115,80,95,80,90,555
80,33,31,58,40,50,40,40,40,90,300
81,33,31,58,65,65,65,50,50,90,385
82,33,31,58,90,95,95,70,90,70,510
83,34,25,247,25,20,15,105,55,90,310
84,34,25,247,40,35,30,120,70,105,400
85,34,25,247,55,50,45,135,95,120,500
86,35,,,55,50,65,175,105,150,600
87,36,14,43,70,80,50,35,35,35,305
88,36,14,43,80,100,70,50,60,45,405
89,36,14,43,90,130,80,65,85,55,505
90,26,,16,50,75,35,70,30,40,300
91,26,,16,65,90,50,85,45,55,390
92,26,,16,80,105,65,100,70,70,490
93,37,91,242,40,40,35,50,100,70,335
94,37,91,242,80,70,65,80,120,100,515
95,39,70,248,40,80,100,30,30,20,300
96,38,70,20,40,80,100,30,30,20,300
97,39,70,248,55,95,115,45,45,35,390
98,38,70,20,55,95,115,45,45,35,390
99,39,70,248,80,120,130,55,65,45,495
100,38,70,20,80,120,130,55,65,45,495
101,15,57,110,50,85,55,65,65,90,410
102,15,24,60,50,85,55,65,65,90,410
103,15,57,110,65,100,70,80,80,105,500
104,15,24,60,65,100,70,80,80,105,500
105,16,53,145,90,65,65,40,40,15,315
106,40,53,145,90,65,65,40,40,15,315
107,40,53,145,95,75,110,100,80,30,490
108,41,53,145,95,100,95,100,70,30,490
109,42,,,95,75,180,130,80,30,590
110,39,70,249,25,35,70,95,55,45,325
111,39,70,249,50,60,95,120,70,70,465
112,13,25,67,52,90,55,58,62,60,377
113,43,,115,52,95,55,58,62,55,377
114,15,56,199,35,85,45,35,35,75,310
115,15,56,199,60,110,70,60,60,110,470
116,2,120,139,65,45,55,45,70,45,325
117,2,120,139,90,70,80,70,95,70,475
118,44,113,45,80,80,50,40,50,25,325
119,45,16,250,80,80,50,40,50,25,325
120,44,113,45,105,105,75,65,100,50,500
121,45,16,250,105,105,75,65,100,50,500
122,42,76,138,30,65,100,45,25,40,305
123,42,76,138,50,95,180,85,45,70,525
124,46,,,30,35,30,100,35,80,310
125,46,,,45,50,45,115,55,95,405
126,47,,,60,65,60,130,75,110,500
127,48,,,60,65,80,170,95,130,600
128,38,70,78,35,45,160,30,45,70,385
129,49,124,25,60,48,45,43,90,42,328
130,49,124,25,85,73,70,73,115,67,483
131,50,42,95,30,105,90,25,25,50,325
132,50,42,95,55,130,115,50,50,75,475
133,51,18,114,40,30,50,55,55,100,330
134,51,18,114,40,30,50,55,55,100,330
135,51,18,114,60,50,70,80,80,150,490
136,51,18,114,60,50,70,80,80,150,490
137,26,,251,60,40,80,60,45,40,325
138,26,,251,95,95,85,125,75,55,530
139,52,,251,95,105,85,125,75,45,530
140,38,54,97,50,50,95,40,50,35,320
141,38,54,97,60,80,110,50,80,45,425
142,47,54,38,60,80,110,50,80,45,425
143,29,129,221,50,120,53,35,110,87,455
144,13,143,25,50,105,79,35,110,76,455
145,53,40,252,90,55,75,60,75,30,385
146,46,190,44,40,65,95,60,45,35,340
147,46,190,185,65,90,120,85,70,60,490
148,46,190,44,65,90,120,85,70,60,490
149,54,38,129,80,85,95,30,30,25,345
150,54,38,129,105,130,120,45,45,40,485
151,55,73,128,250,5,5,35,105,50,450
152,26,118,145,65,55,115,100,40,60,435
153,56,115,25,105,95,80,40,80,90,490
154,57,,,105,125,100,60,100,100,590
155,58,244,31,30,40,70,70,25,60,295
156,22,244,31,55,65,95,95,45,85,440
157,58,94,54,45,67,60,35,50,63,320
158,58,94,54,80,92,65,65,80,68,450
159,59,55,249,30,45,55,70,55,85,340
160,59,55,249,60,75,85,100,85,115,520
161,32,115,139,40,45,65,100,120,90,460
162,51,87,75,50,65,65,90,90,100,460
163,11,75,43,70,110,80,55,80,105,500
164,40,124,155,65,50,35,115,95,95,455
165,18,,32,65,83,57,95,85,105,490
166,60,,32,65,95,57,100,85,93,495
167,50,62,253,65,125,100,55,70,85,500
168,61,,,65,155,120,65,90,105,600
169,17,261,231,75,110,105,30,70,100,490
170,17,261,231,75,110,105,30,70,100,490
171,17,261,231,75,110,105,30,70,100,490
172,17,261,95,75,100,95,40,70,110,490
173,58,,130,20,10,55,15,20,80,200
174,17,,253,95,125,79,60,100,81,540
175,62,,,95,155,109,70,130,81,640
176,33,42,120,130,85,80,85,95,60,535
177,29,,254,48,48,48,48,48,48,288
178,15,12,110,55,55,50,45,65,55,325
179,33,,120,130,65,60,110,95,65,525
180,63,,255,65,65,60,110,95,130,525
181,24,,36,65,130,60,95,110,65,525
182,35,148,249,65,60,70,85,75,40,395
183,58,42,78,35,40,100,90,55,35,355
184,58,42,78,70,60,125,115,70,55,495
185,58,97,78,30,80,90,55,45,55,355
186,58,97,78,60,115,105,65,70,80,495
187,38,65,211,80,105,65,60,75,130,515
188,4,,,80,135,85,70,95,150,615
189,64,2,16,160,110,65,65,110,30,540
190,65,,21,90,85,100,95,125,85,580
191,66,,,90,85,85,125,100,95,580
192,65,,18,90,90,85,125,90,100,580
193,67,,,90,125,90,85,90,100,580
194,65,,60,90,100,90,125,85,90,580
195,68,,,90,85,90,100,125,90,580
196,9,,98,41,64,45,50,50,50,300
197,9,,98,61,84,65,70,70,70,420
198,25,,256,91,134,95,100,100,80,600
199,65,,211,106,110,90,154,90,130,680
200,49,,,106,190,100,154,100,130,780
201,43,,,106,150,70,194,120,140,780
202,34,,,100,100,100,100,100,100,600
203,1,,118,45,49,65,49,65,45,318
204,1,,118,60,62,80,63,80,60,405
205,1,,118,80,82,100,83,100,80,525
206,3,,24,39,52,43,60,50,65,309
207,3,,24,58,64,58,80,65,80,405
208,3,,24,78,84,78,109,85,100,534
209,3,,52,73,84,78,119,85,95,534
210,6,,95,50,65,64,44,48,43,314
211,6,,95,65,80,80,59,63,58,405
212,6,,95,85,105,100,79,83,78,530
213,15,13,52,35,46,34,35,45,20,215
214,15,13,52,85,76,64,45,55,90,415
215,49,13,243,60,30,30,36,56,50,262
216,49,13,243,100,50,50,86,96,70,452
217,11,56,130,40,20,30,40,80,55,265
218,11,56,143,55,35,50,55,110,85,390
219,11,49,244,40,60,40,40,40,30,250
220,11,49,244,70,90,70,60,70,40,400
221,25,,246,85,90,80,70,80,130,535
222,63,59,33,75,38,38,56,56,67,330
223,63,59,33,125,58,58,76,76,67,460
224,18,,54,20,40,15,35,35,60,205
225,23,247,215,50,25,28,45,55,15,218
226,23,66,215,90,30,15,40,20,15,210
227,69,73,257,35,20,65,40,65,20,245
228,69,73,257,55,40,85,80,105,40,405
229,34,56,85,40,50,45,70,45,70,320
230,34,56,85,65,75,70,95,70,95,470
231,18,,89,55,40,40,65,45,35,280
232,18,,89,70,55,55,80,60,45,365
233,18,,89,90,75,85,115,90,55,510
234,62,,,90,95,105,165,110,45,610
235,26,,128,75,80,95,90,100,50,490
236,2,86,151,70,20,50,20,50,40,250
237,2,86,151,100,50,80,60,80,50,420
238,70,38,130,70,100,115,30,65,30,410
239,33,31,103,90,75,75,90,100,70,500
240,26,118,246,35,35,40,35,55,50,250
241,26,118,246,55,45,50,45,65,80,340
242,26,118,246,75,55,70,55,95,110,460
243,15,28,76,55,70,55,40,55,85,360
244,26,80,56,30,30,30,30,30,30,180
245,26,80,56,75,75,55,105,85,30,425
246,71,10,52,65,65,45,75,45,95,390
247,31,33,126,55,45,45,25,25,15,210
248,22,33,126,55,45,45,25,25,15,210
249,31,33,126,95,85,85,65,65,35,430
250,34,,85,65,65,60,130,95,110,525
251,34,,25,95,65,110,60,130,65,525
252,49,257,101,60,85,42,85,42,91,405
253,72,53,145,95,75,80,100,110,30,490
254,40,53,145,95,65,80,110,110,30,490
255,46,,,60,60,60,85,85,85,435
256,46,,,48,72,48,72,48,48,336
257,48,,141,190,33,58,33,58,33,405
258,25,56,151,70,80,65,90,65,85,455
259,70,,138,50,65,90,35,35,15,290
260,70,,138,75,90,140,60,60,40,465
261,73,15,130,100,70,70,65,65,45,415
262,50,20,64,65,75,105,35,65,85,430
263,38,70,95,75,85,200,55,65,30,510
264,74,,,75,125,230,55,95,30,610
265,17,15,130,60,80,50,40,40,30,300
266,17,255,130,90,120,75,60,60,45,450
267,22,58,17,65,95,85,55,55,85,440
268,22,58,17,65,95,85,55,55,85,440
269,11,75,203,70,130,100,55,80,65,500
270,75,,,70,150,140,65,100,75,600
271,70,16,154,20,10,230,10,230,5,505
272,11,36,253,80,125,75,40,95,85,500
273,76,,,80,185,115,40,105,75,600
274,25,13,258,55,95,55,35,75,115,430
275,25,13,258,55,95,55,35,75,115,430
276,28,255,111,60,80,50,50,50,40,330
277,36,255,211,90,130,75,75,75,55,500
278,77,60,78,40,40,40,70,40,20,250
279,77,60,78,60,50,120,90,80,30,430
280,40,21,2,50,50,40,30,30,50,250
281,40,21,2,100,100,80,60,60,50,450
282,78,,47,65,55,95,65,95,35,410
283,69,55,145,60,55,100,65,100,30,410
284,69,244,259,35,65,35,65,35,65,300
285,79,244,259,75,105,75,105,75,45,480
286,32,69,49,45,55,45,65,45,75,330
287,58,33,94,85,40,70,80,140,70,485
288,13,70,78,65,80,140,40,70,70,465
289,56,24,211,45,60,30,80,50,65,330
290,56,24,211,75,90,50,110,80,95,500
291,80,,,75,90,90,140,90,115,600
292,58,244,31,75,95,95,95,95,85,540
293,28,,20,90,60,60,40,40,40,330
294,70,,20,90,120,120,60,60,50,500
295,35,148,249,85,80,90,105,95,60,515
296,17,52,151,73,95,62,85,65,85,465
297,53,75,259,55,20,35,20,45,75,250
298,36,43,32,35,35,35,35,35,35,210
299,17,75,43,50,95,95,35,110,70,455
300,40,124,120,45,30,15,85,65,65,305
301,18,,32,45,63,37,65,55,95,360
302,60,,32,45,75,37,70,55,83,365
303,2,115,151,95,80,105,40,70,100,490
304,55,73,128,255,10,10,75,135,55,540
305,65,,25,90,85,75,115,100,115,580
306,65,,25,115,115,85,90,75,100,580
307,65,,25,100,75,115,90,115,85,580
308,36,,20,50,64,50,45,50,41,300
309,9,,,70,84,70,65,70,51,410
310,81,,211,100,134,110,95,100,61,600
311,81,,,100,164,150,95,120,71,700
312,65,,256,106,90,130,90,154,110,680
313,65,,145,106,130,90,110,154,90,680
314,55,,,100,100,100,100,100,100,600
315,1,,221,40,45,35,65,55,70,310
316,1,,221,50,65,45,85,65,95,405
317,1,,221,70,85,65,105,85,120,530
318,54,,,70,110,75,145,85,145,630
319,3,,71,45,60,40,70,50,45,310
320,3,,71,60,85,60,85,60,55,405
321,3,,71,80,120,70,110,70,80,530
322,71,,,80,160,80,130,80,100,630
323,6,,31,50,70,50,50,50,40,310
324,6,,31,70,85,70,60,70,50,405
325,6,,31,100,110,90,85,90,60,535
326,58,,,100,150,110,95,110,70,635
327,15,255,130,35,55,35,30,30,35,220
328,17,255,253,70,90,70,60,60,70,420
329,28,16,255,38,30,41,30,41,60,240
330,28,16,255,38,30,41,30,41,60,240
331,28,16,255,78,70,61,50,61,100,420
332,28,16,255,78,70,61,50,61,100,420
333,8,,15,45,45,35,20,30,20,195
334,9,,,50,35,55,25,25,15,205
335,11,,109,60,70,50,100,50,65,395
336,9,,,50,35,55,25,25,15,205
337,8,,10,60,50,70,50,90,65,385
338,58,242,53,40,30,30,40,50,30,220
339,58,242,53,60,50,50,60,70,50,340
340,58,242,53,80,70,70,90,100,70,480
341,26,56,258,40,40,50,30,30,30,220
342,26,56,258,70,70,40,60,40,60,340
343,26,56,258,90,100,60,90,60,80,480
344,36,,115,40,55,30,30,30,85,270
345,36,,115,60,85,60,75,50,125,455
346,13,120,242,40,30,30,55,30,85,270
347,13,103,242,60,50,100,95,70,65,440
348,34,35,141,28,25,25,45,35,40,198
349,34,35,141,38,35,35,65,55,50,278
350,34,35,141,68,65,65,125,115,80,518
351,82,,,68,85,65,165,135,100,618
352,58,,242,40,30,32,50,52,65,269
353,17,,211,70,60,62,100,82,80,454
354,27,266,255,60,40,60,40,60,35,295
355,27,266,75,60,130,80,60,60,70,460
356,83,,,60,60,60,35,35,30,280
357,32,,,80,80,80,55,55,90,440
358,83,,,150,160,100,95,65,100,670
359,10,,15,31,45,90,30,30,40,266
360,71,,246,61,90,45,50,50,160,456
361,84,,,1,90,45,30,30,40,236
362,51,,130,64,51,23,51,23,28,240
363,51,,115,84,71,43,71,43,48,360
364,51,,115,104,91,63,91,73,68,490
365,2,36,95,72,60,30,20,30,25,237
366,2,36,95,144,120,60,40,60,50,474
367,2,86,151,50,20,40,20,40,20,190
368,70,39,74,30,45,135,45,90,30,375
369,23,14,132,50,45,45,35,35,50,260
370,23,14,132,70,65,65,55,55,90,400
371,13,162,101,50,75,75,65,65,50,380
372,85,,,50,85,125,85,115,20,480
373,50,17,95,50,85,85,55,55,50,380
374,86,,,50,105,125,55,95,50,480
375,70,38,260,50,70,100,40,40,30,330
376,70,38,260,60,90,140,50,50,40,430
377,70,38,260,70,110,180,60,60,50,530
378,87,,,70,140,230,60,80,50,630
379,88,,141,30,40,55,40,55,60,280
380,88,,141,60,60,75,60,75,80,410
381,88,,,60,100,85,80,85,100,510
382,18,54,90,40,45,40,65,40,65,295
383,18,54,90,70,75,60,105,60,105,475
384,17,,,70,75,80,135,80,135,575
385,89,,54,60,50,40,85,75,95,405
386,90,,63,60,40,50,75,85,95,405
387,59,11,101,65,73,75,47,85,85,430
388,40,243,101,65,47,75,73,85,85,430
389,55,22,118,50,60,45,100,80,65,400
390,91,113,16,70,43,53,43,53,40,302
391,91,113,16,100,73,83,73,83,55,467
392,92,,71,45,90,20,65,20,65,305
393,92,,71,70,120,40,95,40,95,460
394,93,,,70,140,70,110,65,105,560
395,94,40,65,130,70,35,70,35,60,400
396,94,40,65,170,90,45,90,45,60,500
397,40,108,53,60,60,40,65,45,35,305
398,77,135,261,70,100,70,105,75,40,460
399,95,,,70,120,100,145,105,20,560
400,96,5,42,70,85,140,85,70,20,470
401,2,53,16,60,25,35,70,80,60,330
402,2,53,16,80,45,65,90,110,80,470
403,53,199,154,60,60,60,60,60,60,360
404,50,110,95,45,100,45,45,45,10,290
405,46,,,50,70,50,50,50,70,340
406,46,,,80,100,80,80,80,100,520
407,20,,33,50,85,40,85,40,35,335
408,20,,33,70,115,60,115,60,55,475
409,55,,252,45,40,60,40,75,50,310
410,55,,252,75,70,90,70,105,80,490
411,82,,,75,110,110,110,105,80,590
412,64,,262,73,115,60,60,60,90,458
413,9,,246,73,100,60,100,60,65,458
414,46,,,90,55,65,95,85,70,460
415,46,,,90,95,85,55,65,70,460
416,40,110,120,50,48,43,46,41,60,288
417,40,110,120,110,78,73,76,71,60,468
418,50,42,12,43,80,65,50,35,35,308
419,50,42,12,63,120,85,90,55,55,468
420,46,,,40,40,55,40,70,55,300
421,46,,,60,70,105,70,120,75,500
422,79,,263,66,41,77,61,87,23,355
423,79,,263,86,81,97,81,107,43,495
424,97,,58,45,95,50,40,50,75,355
425,97,,58,75,125,100,70,80,45,495
426,58,40,12,20,15,20,10,55,80,200
427,98,66,23,95,60,79,100,125,81,540
428,99,,,70,70,70,70,70,70,420
429,99,,,70,70,70,70,70,70,420
430,99,,,70,70,70,70,70,70,420
431,99,,,70,70,70,70,70,70,420
432,100,,264,60,90,70,60,120,40,440
433,49,52,47,44,75,35,63,33,45,295
434,49,52,47,64,115,65,83,63,65,455
435,101,,,64,165,75,93,83,75,555
436,46,,52,20,40,90,30,90,25,295
437,65,,52,40,70,130,60,130,25,455
438,26,80,251,99,68,83,72,87,51,460
439,46,,,75,50,80,95,90,65,455
440,65,257,144,65,130,60,75,60,75,465
441,85,,,65,150,60,115,60,115,565
442,48,,141,95,23,48,23,48,23,260
443,25,139,259,50,50,50,50,50,50,300
444,25,139,259,80,80,80,80,80,80,480
445,102,,,80,120,80,120,80,100,580
446,2,139,40,70,40,50,55,50,25,290
447,2,139,40,90,60,70,75,70,45,410
448,2,139,40,110,80,90,95,90,65,530
449,42,,130,35,64,85,74,55,32,345
450,58,,94,55,104,105,94,75,52,485
451,58,,120,55,84,105,114,75,52,485
452,58,38,70,100,90,130,45,65,55,485
453,58,,120,43,30,55,40,65,97,330
454,38,,95,45,75,60,40,30,50,300
455,38,,138,65,95,100,60,50,50,420
456,17,,253,95,135,80,110,80,100,600
457,61,,,95,145,130,120,90,120,700
458,37,,203,40,55,80,35,60,30,300
459,37,,203,60,75,100,55,80,50,420
460,37,,203,80,135,130,95,90,70,600
461,4,,,80,145,150,105,110,110,700
462,37,,70,80,100,200,50,100,50,580
463,37,,139,80,50,100,100,200,50,580
464,37,,203,80,75,150,75,150,50,580
465,46,,,80,80,90,110,130,110,600
466,46,,,80,100,120,140,150,110,700
467,46,,,80,90,80,130,110,110,600
468,46,,,80,130,100,160,120,110,700
469,103,,,100,100,90,150,140,90,670
470,104,,,100,150,90,180,160,90,770
471,105,,,100,150,140,100,90,90,670
472,5,,,100,180,160,150,90,90,770
473,106,,,105,150,90,150,90,95,680
474,107,,,105,180,100,180,100,115,780
475,73,,,100,100,100,100,100,100,600
476,65,,,50,150,50,150,50,150,600
477,65,,,50,180,20,180,20,150,600
478,65,,,50,70,160,70,160,90,600
479,65,,,50,95,90,95,90,180,600
480,1,,42,55,68,64,45,55,31,318
481,1,,42,75,89,85,55,65,36,405
482,1,,42,95,109,105,75,85,56,525
483,3,,143,44,58,44,58,44,61,309
484,3,,143,64,78,52,78,52,81,405
485,3,,143,76,104,71,104,71,108,534
486,6,,67,53,51,53,61,56,40,314
487,6,,67,64,66,68,81,76,50,405
488,6,,67,84,86,88,111,101,60,530
489,13,,129,40,55,30,30,30,60,245
490,17,,129,55,75,50,40,40,80,340
491,17,,129,85,120,70,50,60,100,485
492,108,126,259,59,45,40,35,40,31,250
493,108,126,259,79,85,60,55,60,71,410
494,9,,15,37,25,41,25,41,25,194
495,11,,75,77,85,51,55,51,65,384
496,109,17,36,45,65,34,40,34,45,263
497,109,17,36,60,85,49,60,49,60,363
498,109,17,36,80,120,79,95,79,70,523
499,55,22,118,40,30,35,50,70,55,280
500,55,22,75,60,70,65,125,105,90,515
501,62,,95,67,125,40,30,30,58,350
502,62,,95,97,165,60,65,50,58,495
503,70,,51,30,42,118,42,88,30,350
504,70,,51,60,52,168,47,138,30,495
505,9,,138,40,29,45,29,45,36,224
506,9,,138,40,29,45,29,45,36,224
507,9,,138,40,29,45,29,45,36,224
508,110,,138,60,59,85,79,105,36,424
509,110,,138,60,79,105,59,85,36,424
510,110,,138,60,69,95,69,95,36,424
511,11,,243,70,94,50,94,50,66,424
512,111,,69,30,30,42,30,42,70,244
513,65,,211,70,80,102,80,102,40,474
514,15,28,63,60,45,70,45,90,95,405
515,58,,94,55,65,35,60,30,85,330
516,58,,94,85,105,55,85,50,115,495
517,26,,,45,35,45,62,53,35,275
518,112,,,70,60,70,87,78,85,450
519,112,,,70,60,70,87,78,85,450
520,113,263,74,76,48,48,57,62,34,325
521,113,263,74,76,48,48,57,62,34,325
522,113,263,74,111,83,68,92,82,39,475
523,113,263,74,111,83,68,92,82,39,475
524,75,28,76,75,100,66,60,66,115,482
525,114,221,265,90,50,34,60,44,70,348
526,114,221,265,150,80,44,90,54,80,498
527,15,268,29,55,66,44,44,56,85,350
528,23,268,29,65,76,84,54,96,105,480
529,115,,,65,136,94,54,96,135,580
530,46,,,60,60,60,105,105,105,495
531,49,257,253,100,125,52,105,52,71,505
532,29,53,13,49,55,42,42,37,85,310
533,2,53,67,71,82,64,64,59,112,452
534,46,,,45,30,50,65,50,45,285
535,44,114,13,63,63,47,41,41,74,329
536,44,114,13,103,93,67,71,61,84,479
537,46,128,260,57,24,86,24,86,23,300
538,46,128,260,67,89,116,79,116,33,500
539,70,38,130,50,80,95,10,45,10,290
540,51,87,75,20,25,45,70,90,60,310
541,55,73,215,100,5,5,15,65,30,220
542,13,199,125,76,65,45,92,42,91,411
543,65,,246,50,92,108,92,108,35,485
544,20,,92,58,70,45,40,45,42,300
545,20,,92,68,90,65,50,55,82,410
546,20,,92,108,130,95,80,85,102,600
547,74,,,108,170,115,120,95,92,700
548,28,2,16,135,85,40,40,85,5,390
549,43,25,101,40,70,40,35,40,60,285
550,43,25,144,70,110,70,115,70,90,525
551,12,,,70,145,88,140,70,112,625
552,81,,74,68,72,78,38,42,32,330
553,81,,74,108,112,118,68,72,47,525
554,97,244,13,40,50,90,30,55,65,330
555,97,244,13,70,90,110,60,75,95,500
556,110,155,45,48,61,40,61,40,50,300
557,110,155,45,83,106,65,86,65,85,490
558,46,,,74,100,72,90,72,46,454
559,58,263,94,49,49,56,49,61,66,330
560,58,263,94,69,69,76,69,86,91,460
561,58,33,94,45,20,50,60,120,50,345
562,116,,51,60,62,50,62,60,40,334
563,116,,51,90,92,75,92,85,60,494
564,116,,,90,132,105,132,105,30,594
565,65,,258,70,120,65,45,85,125,510
566,39,70,249,70,70,115,130,90,60,535
567,53,40,252,110,85,95,80,95,50,515
568,54,135,129,115,140,130,55,55,40,535
569,26,118,145,100,100,125,110,50,50,535
570,117,,32,75,123,67,95,85,95,540
571,60,,32,75,95,67,125,95,83,540
572,69,73,257,85,50,95,120,115,80,545
573,71,243,52,86,76,86,116,56,95,515
574,118,,26,65,110,130,60,65,95,525
575,21,,139,65,60,110,130,95,65,525
576,50,20,266,75,95,125,45,75,95,510
577,40,21,2,110,130,80,70,60,80,530
578,12,148,249,85,80,70,135,75,90,535
579,43,267,144,68,125,65,65,115,80,518
580,25,,,68,165,95,65,115,110,618
581,70,39,74,60,55,145,75,150,40,525
582,65,,52,45,100,135,65,135,45,525
583,21,,47,70,80,70,80,70,110,480
584,46,,,50,50,77,95,77,91,440
585,46,,,50,65,107,105,107,86,520
586,46,,,50,65,107,105,107,86,520
587,46,,,50,65,107,105,107,86,520
588,46,,,50,65,107,105,107,86,520
589,46,,,50,65,107,105,107,86,520
590,46,,,75,75,130,75,130,95,580
591,46,,,80,105,105,105,105,80,580
592,46,,,75,125,70,125,70,115,580
593,65,,141,100,120,120,150,100,90,680
594,65,,141,100,100,120,150,120,90,680
595,65,,141,90,120,100,150,120,100,680
596,65,,141,90,100,100,150,120,120,680
597,24,,60,91,90,106,130,106,77,600
598,119,,,110,160,110,80,110,100,670
599,65,,141,150,100,120,100,120,90,680
600,46,,,150,120,100,120,100,90,680
601,46,,,120,70,110,75,120,85,580
602,120,,,80,80,80,80,80,80,480
603,120,,,100,100,100,100,100,100,600
604,121,,,70,90,90,135,90,125,600
605,55,,,100,100,100,100,100,100,600
606,73,,,100,103,75,120,75,127,600
607,122,,,120,120,120,120,120,120,720
608,123,,,100,100,100,100,100,100,600
609,1,,154,45,45,55,45,55,63,308
610,1,,154,60,60,75,60,75,83,413
611,1,,154,75,75,95,75,95,113,528
612,3,,2,65,63,45,45,45,45,308
613,3,,2,90,93,55,70,55,55,418
614,3,,129,110,123,65,100,65,65,528
615,6,,42,55,55,45,63,45,45,308
616,6,,42,75,75,60,83,60,60,413
617,6,,267,95,100,85,108,70,70,528
618,6,,42,90,108,80,100,65,85,528
619,15,13,249,45,55,39,35,39,42,255
620,59,13,249,60,85,69,60,69,77,420
621,32,28,15,45,60,45,25,45,55,275
622,17,127,115,65,80,65,35,65,60,370
623,17,127,115,85,110,90,45,90,80,500
624,29,221,101,41,50,37,50,37,66,281
625,29,221,101,64,88,50,88,50,106,446
626,16,,1,50,53,48,53,48,64,316
627,16,,1,75,98,63,98,63,101,498
628,16,,3,50,53,48,53,48,64,316
629,16,,3,75,98,63,98,63,101,498
630,16,,6,50,53,48,53,48,64,316
631,16,,6,75,98,63,98,63,101,498
632,124,34,141,76,25,45,67,55,24,292
633,124,34,141,116,55,85,107,95,29,487
634,125,257,109,50,55,50,36,30,43,264
635,125,257,109,62,77,62,50,42,65,358
636,125,257,109,80,115,80,65,55,93,488
637,54,117,151,45,60,32,50,32,76,295
638,54,117,151,75,100,63,80,63,116,497
639,70,78,74,55,75,85,25,25,15,280
640,70,78,74,70,105,105,50,40,20,390
641,70,81,74,85,135,130,60,80,25,515
642,126,268,108,65,45,43,55,43,72,323
643,126,268,108,67,57,55,77,55,114,425
644,127,74,62,60,85,40,30,45,68,328
645,127,74,62,110,135,60,50,65,88,508
646,128,145,268,103,60,86,60,86,50,445
647,128,,,103,60,126,80,126,50,545
648,36,95,143,75,80,55,25,35,35,305
649,36,95,143,85,105,85,40,50,40,405
650,36,95,143,105,140,95,55,65,45,505
651,58,120,33,50,50,40,50,40,64,294
652,58,120,33,75,65,55,65,55,69,384
653,58,45,33,105,95,75,85,75,74,509
654,36,25,62,120,100,85,30,85,45,465
655,70,25,62,75,125,75,30,75,85,465
656,11,26,138,45,53,70,40,60,42,310
657,118,26,138,55,63,90,50,80,42,380
658,11,26,138,75,103,80,70,80,92,500
659,22,11,71,30,45,59,30,39,57,260
660,22,11,71,40,55,99,40,79,47,360
661,22,11,71,60,100,89,55,69,112,485
662,101,246,26,40,27,60,37,50,66,280
663,101,246,26,60,67,85,77,75,116,480
664,26,53,118,45,35,50,70,50,30,280
665,26,69,118,70,60,75,110,75,90,480
666,26,53,118,70,105,75,50,75,105,480
667,130,12,62,70,92,65,80,55,98,460
668,129,12,62,70,92,65,80,55,98,460
669,38,12,62,70,92,65,80,55,98,460
670,17,253,261,50,72,35,35,35,65,292
671,17,253,261,60,82,45,45,45,74,351
672,17,253,261,95,117,80,65,70,92,519
673,69,,25,70,90,45,15,45,50,315
674,69,,25,70,90,45,15,45,50,315
675,131,,269,105,140,55,30,55,95,480
676,131,,269,105,30,105,140,105,55,540
677,95,,269,105,140,55,30,55,95,480
678,95,,269,105,160,55,30,55,135,540
679,33,26,263,75,86,67,106,67,60,461
680,70,42,78,50,65,85,35,35,55,325
681,70,42,78,70,105,125,65,75,45,485
682,9,253,17,50,75,70,35,70,48,348
683,9,253,17,65,90,115,45,115,58,488
684,132,247,243,72,58,80,103,80,97,490
685,133,,,38,30,85,55,65,30,303
686,134,,,38,55,85,30,65,30,303
687,133,,,58,50,145,95,105,30,483
688,135,70,58,54,78,103,53,45,22,355
689,135,70,58,74,108,133,83,65,32,495
690,136,,,55,112,45,74,45,70,401
691,136,,,75,140,65,112,65,110,567
692,44,113,114,50,50,62,40,62,65,329
693,44,78,114,80,95,82,60,82,75,474
694,137,,,40,65,40,80,40,65,330
695,137,,,35,60,40,85,40,70,330
696,137,,,60,105,60,120,60,105,510
697,137,,,60,105,60,120,60,105,510
698,23,75,76,55,50,40,40,40,75,300
699,23,75,76,75,95,60,65,60,115,470
700,52,66,48,45,30,50,55,65,45,290
701,52,66,48,60,45,70,75,85,55,390
702,52,66,48,70,55,95,95,110,65,490
703,138,247,145,45,30,40,105,50,20,290
704,138,247,145,65,40,50,125,60,30,370
705,138,247,145,110,65,75,125,85,30,490
706,13,125,120,62,44,50,44,50,55,305
707,13,125,120,75,87,63,87,63,98,473
708,139,21,78,36,50,50,65,60,44,305
709,139,21,78,51,65,65,80,75,59,395
710,139,116,78,71,95,85,110,95,79,535
711,26,151,73,60,60,50,40,50,75,335
712,26,151,73,60,60,50,40,50,75,335
713,26,151,73,60,60,50,40,50,75,335
714,26,151,73,60,60,50,40,50,75,335
715,26,151,73,80,100,70,60,70,95,475
716,18,,117,55,75,60,75,60,103,428
717,11,9,14,50,75,45,40,45,60,315
718,11,42,138,70,135,105,60,105,20,495
719,27,,145,69,55,45,55,55,15,294
720,27,,145,114,85,70,85,80,30,464
721,33,47,31,55,40,50,65,85,40,335
722,33,47,31,100,60,70,85,105,60,480
723,128,120,145,165,75,80,40,45,65,470
724,10,211,11,50,47,50,57,50,65,319
725,10,211,11,70,77,60,97,60,108,472
726,140,,,44,50,91,24,86,10,305
727,140,,110,74,94,131,54,116,20,489
728,89,90,37,40,55,70,45,60,30,300
729,89,90,37,60,80,95,70,85,50,440
730,89,90,37,60,100,115,70,85,90,520
731,46,,,35,55,40,45,40,60,275
732,46,,,65,85,70,75,70,40,405
733,46,,,85,115,80,105,80,50,515
734,141,34,249,55,55,55,85,55,30,335
735,141,34,249,75,75,75,125,95,40,485
736,24,60,246,50,30,55,65,55,20,275
737,24,60,246,60,40,60,95,60,55,370
738,24,60,246,60,55,90,145,90,80,520
739,109,62,211,46,87,60,30,40,57,320
740,109,62,211,66,117,70,40,50,67,410
741,109,62,211,76,147,90,60,70,97,540
742,21,245,130,55,70,40,60,40,40,305
743,21,245,58,95,130,80,70,80,50,505
744,46,,,80,50,50,95,135,105,515
745,120,42,138,50,40,85,40,65,25,305
746,120,113,221,80,70,40,100,60,145,495
747,18,29,20,109,66,84,81,99,32,471
748,142,,,109,81,99,66,84,32,471
749,25,145,129,45,85,50,55,50,65,350
750,25,145,129,65,125,60,95,60,105,510
751,92,95,62,77,120,90,60,90,48,485
752,143,268,14,59,74,50,35,50,35,303
753,143,268,14,89,124,80,55,80,55,483
754,67,25,65,45,85,70,40,40,60,340
755,67,25,65,65,125,100,60,70,70,490
756,129,151,51,95,110,95,40,95,55,490
757,13,95,69,70,83,50,37,50,60,350
758,13,95,67,100,123,75,57,75,80,510
759,13,95,243,110,83,70,112,70,65,510
760,125,138,78,70,55,75,45,65,60,370
761,125,138,78,110,65,105,55,95,80,510
762,16,24,96,85,97,66,105,66,65,484
763,11,69,83,58,109,112,48,48,109,484
764,69,,,52,65,50,45,50,38,300
765,69,,,72,85,70,65,70,58,420
766,46,,,92,105,90,125,90,98,600
767,60,,11,55,85,55,50,55,60,360
768,60,,11,85,60,65,135,105,100,550
769,144,,,91,90,129,90,72,108,580
770,144,,,91,129,90,72,90,108,580
771,144,,,91,90,72,90,129,108,580
772,101,,67,79,115,70,125,80,111,580
773,145,,,79,100,80,110,90,121,580
774,101,,67,79,115,70,125,80,111,580
775,63,,,79,105,70,145,80,101,580
776,146,,,100,120,100,150,120,90,680
777,147,,,100,150,120,120,100,90,680
778,74,,95,89,125,90,115,80,101,600
779,17,,,89,145,90,105,80,91,600
780,65,,,125,130,90,130,90,95,660
781,147,,,125,120,90,170,100,95,700
782,146,,,125,170,100,120,90,95,700
783,144,,,91,72,90,129,90,108,580
784,144,,,91,72,90,129,90,108,580
785,73,,,100,77,77,128,128,90,600
786,73,,,100,128,90,77,77,128,600
787,148,,,71,120,95,120,95,99,600
788,1,,181,56,61,65,48,45,38,313
789,1,,181,61,78,95,56,58,57,405
790,1,,181,88,107,122,74,75,64,530
791,3,,161,40,45,40,62,60,60,307
792,3,,161,59,59,58,90,70,73,409
793,3,,161,75,69,72,114,100,104,534
794,6,,264,41,56,40,62,44,71,314
795,6,,264,54,63,52,83,56,97,405
796,6,,264,72,95,67,103,71,122,530
797,149,,,72,145,67,153,71,132,640
798,28,156,86,38,36,38,32,36,57,237
799,28,156,86,85,56,77,50,77,78,423
800,125,,270,45,50,43,40,38,62,278
801,60,,270,62,73,55,56,52,84,382
802,60,,270,78,81,71,74,69,126,499
803,8,10,215,38,35,40,27,25,35,200
804,9,,215,45,22,60,27,30,29,213
805,8,10,215,80,52,50,90,50,89,411
806,109,211,253,62,50,58,73,54,72,369
807,109,211,253,86,68,72,109,66,106,507
808,150,,271,44,38,39,61,79,42,303
809,150,,271,54,45,47,75,98,52,371
810,150,,271,78,65,68,112,154,75,552
811,151,,272,66,65,48,62,57,52,350
812,151,,272,123,100,62,97,81,68,531
813,143,62,115,67,82,62,46,48,43,348
814,143,62,115,95,124,78,69,71,58,495
815,30,,,75,80,60,65,90,102,472
816,13,246,53,62,48,54,63,60,68,355
817,13,246,66,74,48,76,83,81,104,466
818,13,246,101,74,48,76,83,81,104,466
819,14,,,45,80,100,35,37,28,325
820,14,,,59,110,150,45,49,35,448
821,152,,,60,50,140,50,140,60,500
822,152,,,60,140,50,140,50,60,500
823,128,,213,78,52,60,63,65,23,341
824,128,,213,101,72,72,99,89,29,462
825,153,,221,62,48,66,59,57,49,341
826,153,,221,82,80,86,85,75,72,480
827,154,79,246,53,54,53,37,46,45,288
828,154,79,246,86,92,88,68,75,73,482
829,4,244,258,42,52,67,39,56,50,306
830,4,244,258,72,105,115,54,86,68,500
831,22,45,12,50,60,60,60,60,30,320
832,22,45,12,65,75,90,97,123,44,494
833,7,,,50,53,62,58,63,44,330
834,7,,,71,73,88,120,89,59,500
835,155,20,80,44,38,33,61,43,70,289
836,155,20,80,62,55,52,109,94,109,481
837,93,,70,58,89,77,45,45,48,362
838,93,,38,82,121,119,69,59,71,521
839,102,,116,77,59,50,67,63,46,362
840,102,,116,123,77,72,99,92,58,521
841,23,,82,95,65,65,110,130,60,525
842,29,221,62,78,92,75,74,63,118,500
843,156,28,89,67,58,57,81,67,101,431
844,37,,70,50,50,150,50,150,50,500
845,151,120,226,45,50,35,55,75,40,300
846,151,120,226,68,75,53,83,113,60,452
847,151,42,226,58,75,83,83,113,40,452
848,151,120,226,90,100,70,110,150,80,600
849,151,42,226,80,100,100,110,150,60,600
850,101,,161,57,80,91,80,87,75,470
851,55,52,251,43,70,48,50,60,38,309
852,55,52,251,85,110,76,65,82,56,474
853,28,52,49,49,66,70,44,55,51,335
854,28,52,49,44,66,70,44,55,56,335
855,28,52,49,54,66,70,44,55,46,335
856,28,52,49,59,66,70,44,55,41,335
857,28,52,49,65,90,122,58,75,84,494
858,28,52,49,55,85,122,58,75,99,494
859,28,52,49,75,95,122,58,75,69,494
860,28,52,49,85,100,122,58,75,54,494
861,53,139,70,55,69,85,32,35,28,304
862,53,139,70,95,117,184,44,46,28,514
863,93,139,70,95,127,184,34,36,38,514
864,52,246,141,40,30,35,45,40,55,245
865,52,246,141,85,70,80,97,80,123,535
866,157,,,126,131,95,131,98,99,680
867,158,,,126,131,95,131,98,99,680
868,159,,,108,100,121,81,95,95,600
869,159,,,54,100,71,61,85,115,486
870,160,,,216,100,121,91,95,85,708
871,37,,,50,100,150,100,150,50,600
872,85,,,50,160,110,160,110,110,700
873,161,,,80,110,60,150,130,70,600
874,161,,,80,160,60,170,130,80,680
875,33,,,80,110,120,130,90,70,600
876,1,,273,68,55,55,50,50,42,320
877,1,,273,78,75,75,70,70,52,420
878,1,,273,78,107,75,100,100,70,530
879,1,,115,88,112,80,95,95,60,530
880,3,,17,45,65,40,60,40,70,320
881,3,,17,65,85,50,80,50,90,420
882,3,,17,95,115,90,80,90,60,530
883,6,,274,50,54,54,66,56,40,320
884,6,,274,60,69,69,91,81,50,420
885,6,,274,80,74,74,126,116,60,530
886,13,76,28,35,75,30,30,30,65,265
887,13,76,28,55,85,50,40,50,75,355
888,13,76,95,80,120,75,75,75,60,485
889,162,93,12,48,70,30,30,30,45,253
890,162,93,12,88,110,60,55,60,45,418
891,11,,,47,62,45,55,45,46,300
892,163,,,57,82,95,55,75,36,400
893,46,,,77,70,90,145,75,43,500
894,50,143,261,47,82,57,42,47,63,338
895,50,143,261,97,132,77,62,67,43,478
896,164,,,75,70,70,98,70,93,476
897,164,,,75,70,70,98,70,93,476
898,164,,,75,70,70,98,70,93,476
899,164,,,75,70,70,98,70,93,476
900,111,8,153,40,45,40,55,40,84,304
901,111,8,153,60,55,60,95,70,124,464
902,13,32,43,45,65,40,30,40,60,280
903,13,32,14,75,115,65,55,65,112,487
904,13,127,43,85,115,75,55,75,82,487
905,4,,,75,117,65,55,65,110,487
906,165,,,45,20,20,25,25,40,175
907,165,,,45,140,130,140,135,30,620
908,166,29,145,50,53,62,43,52,45,305
909,166,29,145,50,63,152,53,142,35,495
910,53,281,25,70,100,70,45,55,45,385
911,53,281,25,100,125,100,55,85,35,500
912,167,,33,38,40,52,40,72,27,269
913,167,,33,68,70,92,50,132,42,454
914,118,,154,40,55,35,50,35,35,250
915,118,,154,70,105,90,80,90,45,480
916,59,27,242,40,35,55,65,75,15,285
917,59,27,242,60,45,80,90,100,30,405
918,168,,40,48,44,40,71,40,77,320
919,168,,40,68,64,60,111,60,117,480
920,169,268,23,70,75,50,45,50,50,340
921,169,268,211,120,125,80,55,60,60,500
922,118,40,153,42,30,38,30,38,32,210
923,118,40,153,52,40,48,40,48,62,290
924,118,233,153,72,120,98,50,98,72,510
925,150,207,55,51,52,90,82,110,100,485
926,25,141,271,90,60,80,90,110,60,490
927,170,,67,100,120,90,40,60,80,490
928,171,,,25,35,40,20,30,80,230
929,172,,,75,125,140,60,90,40,530
930,173,,20,55,55,80,70,45,15,320
931,173,,20,85,75,110,100,75,35,480
932,174,,126,55,60,130,30,130,5,410
933,97,,,95,95,95,95,95,59,534
934,175,,,95,95,95,95,95,95,570
935,176,,,60,60,100,60,100,60,440
936,176,,,60,100,60,100,60,120,500
937,176,,,60,100,60,100,60,120,500
938,176,,,60,100,60,100,60,120,500
939,176,,,60,100,60,100,60,120,500
940,176,,,60,100,60,100,60,120,500
941,176,,,60,100,60,100,60,120,500
942,176,,,60,100,60,100,60,120,500
943,177,,,65,115,65,75,95,65,480
944,42,,,60,78,135,91,85,36,485
945,140,54,70,65,98,63,40,73,96,435
946,178,,,55,90,80,50,105,96,476
947,179,93,132,68,105,70,70,70,92,475
948,68,151,252,78,60,85,135,91,36,485
949,180,,,70,131,100,86,90,40,517
950,181,51,138,45,55,65,45,45,45,300
951,181,51,138,55,75,90,65,70,65,420
952,181,51,138,75,110,125,100,105,85,600
953,182,,141,70,115,85,95,75,130,570
954,183,,141,70,85,75,130,115,95,570
955,184,,141,70,130,115,85,95,75,570
956,185,,141,70,75,115,95,130,85,570
957,126,,,43,29,31,29,31,37,200
958,70,,,43,29,131,29,131,37,400
959,186,,,137,137,107,113,89,97,680
960,187,,,137,113,89,137,107,97,680
961,188,,,109,53,47,127,131,103,570
962,188,,,107,139,139,53,53,79,570
963,188,,,71,137,37,137,37,151,570
964,188,,,83,89,71,173,71,83,570
965,188,,,97,101,103,107,101,61,570
966,188,,,59,181,131,59,31,109,570
967,188,,,223,101,53,97,53,43,570
968,190,,,97,107,101,127,89,79,600
969,189,,,97,157,127,113,109,77,680
970,189,,,97,113,109,157,127,77,680
971,189,,,97,167,97,167,97,129,754
972,191,,,80,95,115,130,115,65,600
973,75,,,90,125,80,90,90,125,600
974,188,,,67,73,67,73,67,73,420
975,188,,,73,73,73,127,73,121,540
976,188,,,61,131,211,53,101,13,570
977,188,,,53,127,53,151,79,107,570
978,63,,,88,112,75,102,80,143,600
979,39,,,46,65,65,55,35,34,300
980,143,,,135,143,143,80,65,34,600
981,1,,184,50,65,50,40,40,65,310
982,1,,184,70,85,70,55,60,80,420
983,1,,184,100,125,90,60,70,85,530
984,3,,275,50,71,40,40,40,69,310
985,3,,275,65,86,60,55,60,94,420
986,3,,275,80,116,75,65,75,119,530
987,6,,244,50,40,40,70,40,70,310
988,6,,244,65,60,55,95,55,90,420
989,6,,244,70,85,65,125,65,120,530
990,156,,16,70,55,55,35,35,25,275
991,156,,16,120,95,95,55,75,20,460
992,13,211,125,38,47,35,33,35,57,245
993,13,211,125,68,67,55,43,55,77,365
994,65,211,276,98,87,105,53,85,67,495
995,11,10,141,25,20,20,25,45,45,180
996,11,10,141,50,35,80,50,90,30,335
997,11,52,141,60,45,110,80,120,90,505
998,15,221,162,40,28,28,47,52,50,245
999,15,221,162,70,58,58,87,92,90,455
1000,192,145,27,40,40,60,40,60,10,250
1001,192,145,27,60,50,90,80,120,60,460
1002,169,15,181,42,40,55,40,45,48,270
1003,169,43,181,72,80,100,60,90,88,490
1004,93,42,58,50,64,50,38,38,44,284
1005,93,42,58,90,115,90,48,68,74,485
1006,193,,130,59,45,50,40,50,26,270
1007,93,,66,69,90,60,90,60,121,490
1008,194,128,24,30,40,50,40,50,30,240
1009,194,60,24,80,60,90,60,70,50,410
1010,194,60,24,110,80,120,80,90,30,510
1011,195,16,181,40,40,80,40,40,20,260
1012,195,16,69,70,110,80,95,60,70,485
1013,195,16,2,110,85,80,100,80,30,485
1014,196,9,20,52,57,75,35,50,46,315
1015,196,9,20,72,107,125,65,70,71,510
1016,197,,,70,85,55,85,95,85,475
1017,58,,277,41,63,40,40,30,66,280
1018,58,,277,61,123,60,60,50,136,490
1019,130,18,268,40,38,35,54,35,40,242
1020,198,90,75,75,98,70,114,70,75,502
1021,198,89,75,75,98,70,114,70,75,502
1022,24,96,60,50,65,45,50,50,45,305
1023,24,96,60,100,115,65,90,90,65,525
1024,29,,75,50,68,60,50,50,32,310
1025,29,,75,80,118,90,70,80,42,480
1026,78,,47,40,45,45,74,54,50,308
1027,78,,47,60,65,65,134,114,70,508
1028,128,110,85,42,30,45,56,53,39,265
1029,128,110,85,57,40,65,86,73,49,370
1030,128,110,85,57,90,95,136,103,29,510
1031,101,52,258,45,45,30,55,40,50,265
1032,101,52,258,65,60,45,75,55,70,370
1033,101,52,258,95,120,65,95,75,60,510
1034,129,36,67,93,90,101,60,81,95,520
1035,97,4,278,70,110,100,50,60,50,440
1036,78,,279,60,95,50,145,130,30,510
1037,43,,115,62,135,95,68,82,65,507
1038,199,115,139,80,85,75,110,100,70,520
1039,134,,,58,95,145,50,105,30,483
1040,153,,213,45,40,40,50,61,34,270
1041,153,,213,65,60,75,110,121,64,495
1042,97,,67,65,100,100,70,60,75,470
1043,54,,182,48,101,95,91,85,15,435
1044,8,,280,30,25,35,45,30,20,185
1045,8,,280,70,65,60,125,90,65,475
1046,200,,,100,125,135,20,20,70,470
1047,201,,,75,80,110,65,90,50,470
1048,201,,,75,80,70,65,50,130,470
1049,25,34,183,60,65,55,105,95,95,475
1050,53,34,183,70,55,65,95,105,85,475
1051,202,,,58,95,58,70,58,97,436
1052,202,,,58,95,58,70,58,97,436
1053,95,,260,72,80,49,40,49,40,330
1054,95,,260,122,130,69,80,69,30,500
1055,63,69,127,90,100,90,80,70,75,505
1056,63,18,245,90,100,90,90,80,55,505
1057,33,93,127,90,90,100,70,80,75,505
1058,33,139,245,90,90,100,80,90,55,505
1059,203,260,281,70,95,115,120,50,85,535
1060,37,246,47,28,60,30,40,30,82,270
1061,37,246,47,68,80,50,60,50,102,410
1062,37,246,47,88,120,75,100,75,142,600
1063,204,,,92,120,115,80,115,138,660
1064,204,,,92,150,115,80,115,148,700
1065,205,,,92,120,115,80,115,138,660
1066,205,,,92,120,140,80,140,128,700
1067,65,,,140,85,95,145,95,130,690
1068,65,,,255,115,250,125,250,130,1125
1069,25,,14,60,90,60,53,50,72,385
1070,206,,,100,130,100,63,60,97,550
1071,206,,,100,130,100,63,60,97,550
1072,118,,,105,120,105,70,95,105,600
1073,207,,,80,100,50,100,50,200,580
1074,208,,,200,100,50,100,50,80,580
1075,209,,,100,145,130,65,110,30,580
1076,210,,,100,65,60,145,80,130,580
1077,212,,,100,80,80,80,80,80,500
1078,212,,,100,165,150,85,130,50,680
1079,211,,,100,85,80,165,100,150,680
1080,17,52,151,103,105,72,105,75,65,525
1081,11,95,267,70,130,95,45,75,85,500
1082,36,181,211,130,140,105,45,80,50,550
1083,58,12,62,120,112,65,80,75,78,530
1084,58,12,62,120,92,65,100,75,78,530
1085,65,221,45,80,130,60,40,80,120,510
1086,22,58,17,85,115,95,65,65,85,510
1087,23,,154,74,115,70,135,80,106,580
1088,138,,,74,115,110,135,100,46,580
1089,1,,264,40,61,54,45,45,65,310
1090,1,,264,61,80,63,60,63,83,410
1091,1,,264,76,110,70,81,70,123,530
1092,3,,126,67,45,59,63,40,36,310
1093,3,,126,81,55,78,90,58,49,411
1094,3,,126,104,75,100,110,75,66,530
1095,6,,253,55,65,45,50,45,50,310
1096,6,,253,70,85,65,65,60,65,410
1097,6,,253,85,120,80,85,75,85,530
1098,213,16,2,54,45,40,35,45,35,254
1099,213,16,2,110,100,75,59,80,65,489
1100,214,16,2,115,90,70,59,90,65,489
1101,49,,162,35,41,45,29,40,20,210
1102,49,,162,60,79,92,52,86,35,404
1103,11,,243,33,46,40,21,25,45,210
1104,11,,243,71,102,78,52,55,92,450
1105,18,55,143,45,50,20,40,25,60,240
1106,63,55,143,60,75,40,50,40,85,350
1107,63,55,143,70,115,70,70,60,105,490
1108,15,28,53,50,50,45,40,45,75,305
1109,215,156,75,74,75,70,65,75,111,470
1110,53,,268,37,55,70,30,55,65,312
1111,216,,213,57,80,115,50,80,95,477
1112,56,,251,41,35,45,58,51,30,260
1113,56,,251,52,53,60,78,78,33,354
1114,217,,251,78,69,90,125,109,39,510
1115,17,36,95,82,96,51,45,51,92,417
1116,218,70,37,55,55,75,35,35,25,280
1117,218,70,37,60,60,100,35,65,35,355
1118,218,70,37,100,100,130,45,90,35,500
1119,24,,60,40,50,40,50,40,35,255
1120,24,,78,85,60,100,125,80,75,525
1121,24,,78,75,125,80,60,100,85,525
1122,53,18,31,61,31,41,59,35,45,272
1123,219,18,31,109,64,91,103,83,45,495
1124,220,63,66,40,40,35,55,40,70,280
1125,220,63,66,70,70,60,105,60,125,490
1126,17,15,162,60,78,60,40,51,51,340
1127,17,210,162,80,120,90,60,70,85,505
1128,221,258,101,40,65,35,40,35,75,290
1129,221,45,101,63,95,65,80,72,110,485
1130,222,,246,40,65,30,45,35,60,275
1131,222,,246,55,115,70,80,70,90,480
1132,223,,,40,40,35,50,100,70,335
1133,223,,,80,70,65,80,120,100,515
1134,224,42,145,70,100,115,35,55,75,450
1135,26,49,268,50,62,40,62,40,50,304
1136,26,49,259,65,108,65,108,65,75,486
1137,10,,9,41,50,60,31,58,30,270
1138,110,52,71,30,35,30,55,30,75,255
1139,225,52,71,95,60,60,101,60,105,481
1140,62,53,258,50,45,45,35,64,58,297
1141,62,53,258,65,55,55,45,82,78,380
1142,62,53,258,85,75,77,70,105,94,506
1143,226,130,20,10,55,25,35,25,95,245
1144,226,130,20,35,100,50,50,70,120,425
1145,125,13,282,70,103,85,60,85,82,485
1146,94,,,70,45,40,45,40,75,315
1147,227,,,100,70,72,53,62,100,457
1148,227,,,100,160,97,106,87,100,650
1149,138,,119,75,50,85,115,100,45,470
1150,34,,141,45,70,63,30,45,47,300
1151,138,,87,80,119,90,54,67,90,500
1152,9,,145,70,95,65,85,65,121,501
1153,228,,20,70,85,145,60,55,65,480
1154,229,,168,48,35,42,105,60,60,350
1155,229,,168,83,55,90,130,81,86,525
1156,28,,169,50,61,60,30,55,34,290
1157,127,,169,72,101,100,50,97,68,488
1158,115,199,283,82,115,74,75,64,90,500
1159,2,21,95,108,68,45,30,40,43,334
1160,2,245,95,170,113,65,45,55,73,521
1161,62,,267,90,102,73,78,65,70,478
1162,126,40,94,150,100,115,65,65,35,530
1163,230,,263,68,50,60,120,95,82,475
1164,32,25,67,110,115,80,50,90,90,535
1165,22,33,126,130,75,60,45,100,20,430
1166,231,110,151,120,90,70,110,70,60,520
1167,73,15,130,125,100,80,85,75,55,520
1168,67,257,65,100,135,120,60,85,50,550
1169,232,,,115,131,131,53,53,87,570
1170,232,,,115,65,99,65,115,111,570
1171,232,,,111,127,99,79,99,55,570
1172,232,,,55,55,55,135,135,135,570
1173,232,,,85,135,79,85,105,81,570
1174,232,,,85,81,97,121,85,101,570
1175,233,,,90,112,120,72,70,106,570
1176,233,,,56,80,114,124,60,136,570
1177,233,,,154,140,108,50,68,50,570
1178,233,,,94,80,86,122,80,108,570
1179,233,,,80,70,60,140,110,110,570
1180,233,,,100,134,110,70,84,72,570
1181,234,,139,65,75,45,35,45,55,320
1182,234,,139,90,95,66,45,65,62,423
1183,234,,139,115,145,92,75,86,87,600
1184,130,,,45,30,70,75,70,10,300
1185,235,,,87,60,95,133,91,84,550
1186,236,,,85,85,100,95,135,70,570
1187,237,,,80,120,80,90,65,135,570
1188,238,,,155,110,125,55,80,45,570
1189,239,,,55,80,80,135,120,100,570
1190,232,,,105,139,71,55,101,119,590
1191,233,,,74,130,90,120,60,116,590
1192,240,,,100,135,115,85,100,135,670
1193,241,,,100,85,100,135,115,135,670
